rank,type_designator,group,description,engine_aircraft_class,wtc,cwt,srs,lahso,manufacturer_model
1,C02T,cessna,Fixed-wing,2T/S,Light,I,II,6,"CESSNA, 402 (turbine) ; AJI, Turbo Star 402"
2,C04T,cessna,Fixed-wing,2T/S,Light,I,II,4,"CESSNA, 404 (turbine) ; OMNI, 404 Turbo Titan"
3,C06T,cessna,Fixed-wing,1T/S,Light,I,I,2,"CESSNA, 206 (turbine) ; SOLOY, Turbine 206"
4,C07T,cessna,Fixed-wing,1T/S,Light,I,I,2,"CESSNA, 207 (turbine) ; SOLOY, Turbine 207"
5,C10T,cessna,Fixed-wing,1T/S,Light,I,I,2,"ADVANCED AIRCRAFT, Spirit 750 ; ADVANCED AIRCRAFT, Turbine P210"
6,C14T,cessna,Fixed-wing,2T/S,Light,I,II,5,"CESSNA, 414 (turbine) ; SCENIC, Turbo Star 414 ; AJI, Turbo Star 414"
7,C21T,cessna,Fixed-wing,2T/S,Light,I,II,5,"CESSNA, 421 (turbine) ; ADVANCED AIRCRAFT, Regent 1500 ; RILEY, Turbine Eagle 421 ; RILEY, Turbine Rocket 421"
8,C72R,cessna,Fixed-wing,1P/S,Light,I,I,1,"AVIONES COLOMBIA, 172RG ; CESSNA, 172RG Cutlass RG"
9,C77R,cessna,Fixed-wing,1P/S,Light,I,I,2,"AVIONES COLOMBIA, 177RG ; CESSNA, 177RG Cardinal RG ; REIMS, F177RG Cardinal RG"
10,C82R,cessna,Fixed-wing,1P/S,Light,I,I,2,"REIMS, FR182 Skylane RG ; AVIONES COLOMBIA, R182 ; CESSNA, R182 Skylane RG"
11,C82S,cessna,Fixed-wing,1P/S,Light,I,I,2,"CESSNA, T182 Turbo Skylane"
12,C82T,cessna,Fixed-wing,1P/S,Light,I,I,1,"CESSNA, TR182 Turbo Skylane RG"
13,C120,cessna,Fixed-wing,1P/S,Light,I,I,1,"CESSNA, 120"
14,C140,cessna,Fixed-wing,1P/S,Light,I,I,3,"CESSNA, 140"
15,C150,cessna,Fixed-wing,1P/S,Light,I,I,1,"AVIONES COLOMBIA, 150 ; CESSNA, 150 ; CESSNA, 150 Commuter ; FMA, A-150 ; CESSNA, A150 Aerobat ; FMA, A-A150 Aerobat ; 06/12/2025 JO 7360.1K, A-A150 Aerobat ; ICAO, A-A150 Aerobat ; WTC, A-A150 Aerobat ; REIMS, F150 ; REIMS, F150 Commuter ; REIMS, FA150 Aerobat ; REIMS, FRA150 Aerobat ; CESSNA, T-51"
16,C152,cessna,Fixed-wing,1P/S,Light,I,I,1,"SCALED, 152 ; AVIONES COLOMBIA, 152 ; CESSNA, 152 ; CESSNA, A152 Aerobat ; REIMS, F152 ; REIMS, FA152 Aerobat ; PATRIA, FA152 Aerobat"
17,C162,cessna,Fixed-wing,1P/S,Light,I,I,2,"CESSNA, 162 Skycatcher ; SHENYANG, 162 Skycatcher"
18,C170,cessna,Fixed-wing,1P/S,Light,I,I,4,"CESSNA, 170"
19,C172,cessna,Fixed-wing,1P/S,Light,I,I,1,"AVIONES COLOMBIA, 172 ; CESSNA, 172 ; CESSNA, 172 Cutlass ; CESSNA, 172 Skyhawk ; REIMS, F172 ; REIMS, F172 Skyhawk ; REIMS, FP172 ; REIMS, FR172 Hawk XP ; REIMS, FR172 Reims Rocket ; FMA, P-172 ; CESSNA, P172 Skyhawk Powermatic ; CESSNA, R172 ; CESSNA, R172 Hawk XP ; CESSNA, T-41 Mescalero"
20,C175,cessna,Fixed-wing,1P/S,Light,I,I,2,"CESSNA, 175 ; CESSNA, 175 Skylark"
21,C177,cessna,Fixed-wing,1P/S,Light,I,I,2,"CESSNA, 177 ; CESSNA, 177 Cardinal"
22,C180,cessna,Fixed-wing,1P/S,Light,I,I,2,"CESSNA, 180 ; CESSNA, 180 Skywagon 180 ; CESSNA, U-17C"
23,C182,cessna,Fixed-wing,1P/S,Light,I,I,2,"AVIONES COLOMBIA, 182 ; CESSNA, 182 ; CESSNA, 182 Skylane ; PETERSON, 230 ; PETERSON, 260 ; PETERSON, 460 ; WREN, 460 ; DINFIA, A-182 ; FMA, A-182 ; REIMS, F182 Skylane ; PETERSON, Katmai"
24,C185,cessna,Fixed-wing,1P/S,Light,I,I,2,"AVIONES COLOMBIA, 185 ; CESSNA, 185 Skywagon ; CESSNA, A185 AgCarryall ; CESSNA, A185 Skywagon 185 ; AVIATECH, Super Cyclone ; ST. JUST, Super Cyclone ; CESSNA, U-17A ; CESSNA, U-17B"
25,C188,cessna,Fixed-wing,1P/S,Light,I,I,1,"AVIONES COLOMBIA, 188 ; CESSNA, 188 AgPickup ; CESSNA, 188 AgWagon ; CESSNA, A188 AgTruck ; CESSNA, A188 AgWagon ; FMA, A-A188 AgTruck ; AVIONES COLOMBIA, AC-05 AgWagon ; AVIONES COLOMBIA, AgTrainer ; AVIONES COLOMBIA, Pijao ; CESSNA, T188 AgHusky"
26,C190,cessna,Fixed-wing,1P/S,Light,I,I,2,"CESSNA, 190"
27,C195,cessna,Fixed-wing,1P/S,Light,I,I,2,"CESSNA, 195 ; CESSNA, LC-126"
28,C205,cessna,Fixed-wing,1P/S,Light,I,I,3,"CESSNA, 205"
29,C206,cessna,Fixed-wing,1P/S,Light,I,I,2,"AVIONES COLOMBIA, 206 ; CESSNA, 206 Stationair ; CESSNA, 206 Super Skywagon ; CESSNA, P206 Super Skylane ; CESSNA, U206 Skywagon 206 ; CESSNA, U206 Stationair ; CESSNA, U206 Stationair 6 ; CESSNA, U206 Super Skywagon"
30,C207,cessna,Fixed-wing,1P/S,Light,I,I,2,"CESSNA, 207 Skywagon 207 ; CESSNA, 207 Stationair 7 ; CESSNA, 207 Stationair 8 ; REIMS, F207 ; CESSNA, T207 Turbo Skywagon 207 ; CESSNA, T207 Turbo Stationair 7 ; CESSNA, T207 Turbo Stationair 8"
31,C208,cessna,Fixed-wing,1T/S,Light,I,I,3,"CESSNA, 208 Caravan 1 ; CESSNA, 208 Caravan 675 ; CESSNA, 208 Cargomaster ; CESSNA, 208 Grand Caravan ; CESSNA, 208 Super Cargomaster ; CESSNA, AC-208 Combat Caravan ; CESSNA, C-98 ; CESSNA, U-27"
32,C210,cessna,Fixed-wing,1P/S,Light,I,I,2,"AVIONES COLOMBIA, 210 ; CESSNA, 210 ; CESSNA, 210 Centurion"
33,C240,cessna,Fixed-wing,1P/S,Light,I,I,7,"CESSNA, T240 Corvalis TTx ; CESSNA, T240 TTx"
34,C303,cessna,Fixed-wing,2P/S,Light,I,II,2,"AVIONES COLOMBIA, T303 ; CESSNA, T303 Crusader"
35,C310,cessna,Fixed-wing,2P/S,Light,I,II,4,"AVIONES COLOMBIA, 310 ; CESSNA, 310 ; RILEY, 65 ; COLEMILL, Bearcat ; AVIPRO, Bearcat ; COLEMILL, Executive 600 ; BOEING, Executive 600 ; CESSNA, L-27 ; RILEY, Rocket ; RILEY, Super 310 ; CESSNA, T310 ; RILEY, Turbo-Rocket ; RILEY, Turbostream ; CESSNA, U-3"
36,C320,cessna,Fixed-wing,2P/S,Light,I,II,5,"CESSNA, 320 Executive Skyknight ; CESSNA, 320 Skyknight ; COLEMILL, Century 600"
37,C335,cessna,Fixed-wing,2P/S,Light,I,II,4,"CESSNA, 335"
38,C336,cessna,Fixed-wing,2P/S,Light,I,II,3,"CESSNA, 336 Skymaster"
39,C337,cessna,Fixed-wing,2P/S,Light,I,II,3,"AVIONES COLOMBIA, 337 ; CESSNA, 337 Super Skymaster ; REIMS, F337 Super Skymaster ; NANJING UNIVERSITY, FT337E Turbo Super Skymaster REIMS ; REIMS, FTB337 Milirole ; CESSNA, M337 Super Skymaster ; CESSNA, MC337 Super Skymaster ; CESSNA, O-2 Super Skymaster ; SUMMIT, O2-337 Sentry ; CESSNA, T337B Turbo Super Skymaster ; CESSNA, T337C Turbo Super Skymaster ; CESSNA, T337D Turbo Super Skymaster ; CESSNA, T337E Turbo Super Skymaster ; CESSNA, T337F Turbo Super Skymaster ; CESSNA, T337H Turbo Super Skymaster ; CCF, T337H Turbo Super Skymaster"
40,C340,cessna,Fixed-wing,2P/S,Light,I,II,4,"SCALED, 340 ; AVIONES COLOMBIA, 340 ; CESSNA, 340 ; RILEY, Rocket 340 ; RILEY, Super 340"
41,C402,cessna,Fixed-wing,2P/S,Light,I,II,3,"CESSNA, 401 ; AVIONES COLOMBIA, 402 ; CESSNA, 402 ; CESSNA, 402 Businessliner ; CESSNA, 402 Utililiner"
42,C404,cessna,Fixed-wing,2P/S,Light,I,II,5,"CESSNA, 404 Titan"
43,C408,cessna,Fixed-wing,2T/S+,Light,I,II,7,"CESSNA, 408 SkyCourier"
44,C411,cessna,Fixed-wing,2P/S,Light,I,II,4,"CESSNA, 411"
45,C414,cessna,Fixed-wing,2P/S,Light,I,II,6,"AVIONES COLOMBIA, 414 ; CESSNA, 414 ; CESSNA, 414 Chancellor ; RILEY, Rocket Power 414"
46,C421,cessna,Fixed-wing,2P/S,Light,I,II,6,"CESSNA, 421 ; CESSNA, 421 Executive Commuter ; CESSNA, 421 Golden Eagle"
47,C425,cessna,Fixed-wing,2T/S,Light,I,II,5,"CESSNA, 425 Conquest 1 ; CESSNA, 425 Corsair"
48,C441,cessna,Fixed-wing,2T/S,Light,I,II,6,"CESSNA, 441 Conquest ; CESSNA, 441 Conquest 2"
49,C500,cessna,Fixed-wing,2J/S,Light,I,III,6,"CESSNA, 500 Citation ; CESSNA, 500 Citation 1"
50,C501,cessna,Fixed-wing,2J/S,Light,I,III,6,"CESSNA, 501 Citation 1SP"
51,C510,cessna,Fixed-wing,2J/S,Light,I,III,5,"CESSNA, 510 Citation Mustang"
52,C525,cessna,Fixed-wing,2J/S,Light,I,III,7,"CESSNA, 525 Citation CJ1 ; CESSNA, 525 CitationJet"
53,C25M,cessna,Fixed-wing,2J/S,Light,I,III,6,"CESSNA, 525 Citation M2"
54,C25A,cessna,Fixed-wing,2J/S,Light,I,III,7,"CESSNA, 525A Citation CJ2"
55,C25B,cessna,Fixed-wing,2J/S+,Light,I,III,7,"CESSNA, 525B Citation CJ3"
56,C25C,cessna,Fixed-wing,2J/S+,Medium,H,III,7,"CESSNA, 525C Citation CJ4"
57,C550,cessna,Fixed-wing,2J/S+,Light,I,III,7,"CESSNA, 550 Citation 2 ; CESSNA, S550 Citation S2"
58,C551,cessna,Fixed-wing,2J/S+,Light,I,III,5,"CESSNA, 551 Citation 2SP"
59,C55B,cessna,Fixed-wing,2J/S+,Light,I,III,7,"CESSNA, 550B Citation Bravo"
60,C560,cessna,Fixed-wing,2J/S+,Medium,H,III,8,"CESSNA, 560 Citation 5 ; CESSNA, 560 Citation Encore ; CESSNA, 560 Citation Ultra ; CESSNA, OT-47 Citation Ultra ; CESSNA, UC-35 Citation Encore ; CESSNA, UC-35 Citation Ultra"
61,C56X,cessna,Fixed-wing,2J/S+,Medium,H,III,7,"CESSNA, 560XL Citation Ascend ; TEXTRON, 560XL Citation Ascend ; CESSNA, 560XL Citation Excel ; CESSNA, 560XL Citation XLS"
62,C650,cessna,Fixed-wing,2J/S+,Medium,H,III,8,"CESSNA, 650 Citation 3 ; CESSNA, 650 Citation 6 ; CESSNA, 650 Citation 7"
63,C680,cessna,Fixed-wing,2J/S+,Medium,H,III,6,"CESSNA, 680 Citation Sovereign"
64,C68A,cessna,Fixed-wing,2J/S+,Medium,H,III,6,"CESSNA, 680A Citation Latitude"
65,C700,cessna,Fixed-wing,2J/S+,Medium,H,III,7,"CESSNA, 700 Citation Longitude"
66,C750,cessna,Fixed-wing,2J/S+,Medium,H,III,9,"CESSNA, 750 Citation 10"
67,COL3,cessna,Fixed-wing,1P/S,Light,I,I,6,"CESSNA, 350 ; CESSNA, 350 Corvalis ; LANCAIR, LC-40 Columbia 300 ; CESSNA, LC-42 ; COLUMBIA, LC-42 Columbia 350 ; LANCAIR, LC-42 Columbia 350 ; CESSNA, LC-42 Corvalis"
68,COL4,cessna,Fixed-wing,1P/S,Light,I,I,6,"CESSNA, 400 ; CESSNA, 400 Corvalis TT ; CESSNA, LC-41 ; COLUMBIA, LC-41 Columbia 400 ; LANCAIR, LC-41 Columbia 400 ; CESSNA, LC-41 Corvalis TT"
69,F402,cessna,Fixed-wing,1T/S,Light,I,I,,"FALCON AIR, Falcon 402"
70,P210,cessna,Fixed-wing,1P/S,Light,I,I,2,"CESSNA, P210 Pressurized Centurion ; RILEY, Rocket P210 ; RILEY, Super P210"
71,P337,cessna,Fixed-wing,2P/S,Light,I,II,3,"06/12/2025 JO 7360.1K, FT337G Pressurized Skymaster REIMS ; ICAO, FT337G Pressurized Skymaster REIMS ; WTC, FT337G Pressurized Skymaster REIMS ; CESSNA, P337 Pressurized Skymaster ; CESSNA, T337G Pressurized Skymaster"
72,T206,cessna,Fixed-wing,1P/S,Light,I,I,2,"CESSNA, T206 Stationair TC ; CESSNA, T206 Turbo Stationair ; CESSNA, TP206 Turbo Super Skylane ; CESSNA, TU206 Turbo Skywagon 206 ; CESSNA, TU206 Turbo Staionair ; CESSNA, TU206 Turbo Staionair 6 ; CESSNA, TU206 Turbo Super Skywagon"
73,T210,cessna,Fixed-wing,1P/S,Light,I,I,2,"CESSNA, T210 Turbo Centurion"
74,J2,piper,Fixed-wing,1P/S,Light,I,I,1,"PIPER, J-2 Cub ; TAYLOR (1), J-2 Cub"
75,J3,piper,Fixed-wing,1P/S,Light,I,I,1,"AMERICAN LEGEND, AL-3C Legend Cub ; WAGAERO, Cuby Acro Trainer ; WAGAERO, Cuby Observer ; WAGAERO, Cuby Sport Trainer ; PIPER, J-3 Cub ; SATURN-AVIA, J-3 Cub ; CUB, J-3 Prospector ; PIPER, L-4 Cub ; HENDERSON, Little Bear ; PIPER, NE Cub ; TEXAS SPORT, TX-3 Texas Sport"
76,J4,piper,Fixed-wing,1P/S,Light,I,I,1,"PIPER, J-4 Cub Coupe"
77,J5,piper,Fixed-wing,1P/S,Light,I,I,1,"PIPER, AE Cub Cruiser ; PIPER, J-5 Cub Cruiser ; PIPER, L-14 Cub Cruiser"
78,PA11,piper,Fixed-wing,1P/S,Light,I,I,1,"AMERICAN LEGEND, AL-11C Legend Cub Special ; PIPER, L-18B Cub Special ; PIPER, PA-11 Cub Special ; TEXAS SPORT, TX-11 Texas Sport"
79,PA12,piper,Fixed-wing,1P/S,Light,I,I,1,"BACKCOUNTRY, PA-12 Super Cruiser ; PIPER, PA-12 Super Cruiser"
80,PA14,piper,Fixed-wing,1P/S,Light,I,I,1,"WAGAERO, 2+2 Sportsman ; PIPER, PA-14 Family Cruiser"
81,PA15,piper,Fixed-wing,1P/S,Light,I,I,1,"PIPER, PA-15 Vagabond ; WAGAERO, Wag-a-Bond"
82,PA16,piper,Fixed-wing,1P/S,Light,I,I,1,"PIPER, PA-16 Clipper"
83,PA17,piper,Fixed-wing,1P/S,Light,I,I,1,"PIPER, PA-17 Vagabond ; PIPER, PA-17 Vagabond Trainer"
84,PA18,piper,Fixed-wing,1P/S,Light,I,I,1,"SAFAT, 01 ; AMERICAN LEGEND, AL-18 MOAC ; 06/12/2025 JO 7360.1K, AL-18 MOAC ; ICAO, AL-18 MOAC ; WTC, AL-18 MOAC ; AMERICAN LEGEND, AL-18 Super Legend ; CUB CRAFTERS, CC-18 Top Cub ; PIPER, L-18C Super Cub ; PIPER, L-21 Super Cub ; BACKCOUNTRY, PA-18 Super Cub ; PIPER, PA-18 Super Cub ; SMITH AVIATION, PA-18 Super Cub ; TURBINE CUBS, PA-18 Super Cub ; CUB CRAFTERS, PA-18 Top Cub ; AIRFRAMES-DAKOTA CUB, S-18 Super 18 ; SUPER 18, S-18 Super 18 ; YAKIMA AEROSPORT, Super 18 Turbo Cub ; WAGAERO, Super Cuby ; WAGAERO, Super Sport ; PIPER, U-7 Super Cub"
85,PA20,piper,Fixed-wing,1P/S,Light,I,I,1,"PIPER, PA-20 Pacer"
86,PA22,piper,Fixed-wing,1P/S,Light,I,I,2,"PIPER, PA-22 Caribbean ; PIPER, PA-22 Colt ; PIPER, PA-22 Tri-Pacer"
87,PA23,piper,Fixed-wing,2P/S,Light,I,II,2,"SEGUIN, Geronimo ; MILLER (1), Jet Profile ; PIPER, PA-23-150 Apache ; PIPER, PA-23-160 Apache"
88,PA24,piper,Fixed-wing,1P/S,Light,I,I,4,"PIPER, PA-24 Comanche"
89,PA25,piper,Fixed-wing,1P/S,Light,I,I,1,"EMBRAER, PA-25 Pawnee ; PIPER, PA-25 Pawnee ; LAVIASA, PA-25 Puelche ; CHINCUL, PA-A-25 Pawnee"
90,PA27,piper,Fixed-wing,2P/S,Light,I,II,3,"PIPER, PA-23-235 Aztec ; PIPER, PA-23-250 Aztec ; PIPER, PA-23-250 Turbo Aztec ; CHINCUL, PA-A-23-250 Aztec ; PIPER, U-11 Aztec ; PIPER, UC-26 Aztec"
91,PA30,piper,Fixed-wing,2P/S,Light,I,II,1,"PIPER, PA-30 Turbo Twin Comanche PIPER ; AICSA, PA-30 Twin Comanche ; PIPER, PA-30 Twin Comanche ; PIPER, PA-39 Twin Comanche CR ; MILLER (1), Twin Comanche 200"
92,PA31,piper,Fixed-wing,2P/S,Light,I,II,2,"NEIVA, EMB-820 Navajo ; EMBRAER, EMB-820 Navajo ; PIPER, PA-31-300 Navajo ; AICSA, PA-31-310 Navajo ; PIPER, PA-31-325 Navajo CR ; AICSA, PA-31-325 Navajo CR ; PIPER, PA-31-350 Chieftain ; AICSA, PA-31-350 Chieftain ; PIPER, PA-31-350 Navajo Chieftain ; AICSA, PA-31-350 Navajo Chieftain ; PIPER, PA-31-350 T-1020 ; PIPER, PA-31P-350 Mojave ; CHINCUL, PA-A-31-310 Navajo ; CHINCUL, PA-A-31-325 Navajo CR ; CHINCUL, PA-A-31-350 Chieftain ; COLEMILL, Panther 2 ; COLEMILL, Panther 3 ; COLEMILL, Panther Navajo"
93,PA32,piper,Fixed-wing,1P/S,Light,I,I,3,"NEIVA, EMB-720 Minuano ; EMBRAER, EMB-720 Minuano ; PIPER, PA-32 6X ; PIPER, PA-32 6XT ; AICSA, PA-32 Cherokee Six ; PIPER, PA-32 Saratoga ; AICSA, PA-32 Saratoga ; PIPER, PA-32 Six ; AICSA, PA-32 Six ; PIPER, PA-32 Turbo Saratoga ; AICSA, PA-32 Turbo Saratoga ; CHINCUL, PA-A-32 Cherokee Six"
94,PA34,piper,Fixed-wing,2P/S,Light,I,II,7,"NEIVA, EMB-810 Seneca ; EMBRAER, EMB-810 Seneca ; PZL-MIELEC, M-20 Gemini ; PZL-MIELEC, M-20 Mewa ; AICSA, PA-34 Seneca ; CHINCUL, PA-A-34 Seneca ; SEGUIN, Princess ; BENGIS, TM-20 Flamingo 3 ; EMBRAER, U-7 Seneca"
95,PA36,piper,Fixed-wing,1P/S,Light,I,I,2,"PIPER, PA-36 Pawnee Brave ; AICSA, PA-36 Pawnee Brave ; CHINCUL, PA-A-36 Pawnee Brave ; JOHNSTON, Super Brave"
96,PA38,piper,Fixed-wing,1P/S,Light,I,I,3,"PIPER, PA-38 Tomahawk ; AICSA, PA-38 Tomahawk ; CHINCUL, PA-A-38 Tomahawk"
97,PA44,piper,Fixed-wing,2P/S,Light,I,II,2,"PIPER, PA-44 Seminole ; AICSA, PA-44 Seminole ; PIPER, PA-44 Turbo Seminole"
98,PA46,piper,Fixed-wing,1P/S,Light,I,I,4,"PIPER, PA-46-310P Malibu ; PIPER, PA-46-350P M350 ; PIPER, PA-46-350P Malibu Mirage ; PIPER, PA-46R-350T Malibu Matrix"
99,M6,piper,Fixed-wing,1P/S,Light,I,I,1,"MAULE, M-6 Super Rocket"
100,P28A,piper,Fixed-wing,1P/S,Light,I,I,1,"NEIVA, EMB-712 Carioquinha ; EMBRAER, EMB-712 Carioquinha ; NEIVA, EMB-712 Tupi ; EMBRAER, EMB-712 Tupi ; AICSA, PA-28-140 Cherokee ; PIPER, PA-28-140 Cherokee ; PIPER, PA-28-140 Cherokee 140-4 ; AICSA, PA-28-140 Cherokee Cruiser ; PIPER, PA-28-140 Cherokee Flite Liner PIPER ; PIPER, PA-28-150 Cherokee ; PIPER, PA-28-151 Cherokee Warrior ; PIPER, PA-28-160 Cherokee ; PIPER, PA-28-161 Cadet ; AICSA, PA-28-161 Cherokee Warrior 2 ; PIPER, PA-28-161 Warrior 2 ; AICSA, PA-28-161 Warrior 2 ; PIPER, PA-28-161 Warrior 3 ; AICSA, PA-28-180 Cherokee ; PIPER, PA-28-180 Cherokee Archer ; AICSA, PA-28-180 Cherokee Archer ; PIPER, PA-28-180 Cherokee Challenger PIPER ; AICSA, PA-28-181 Archer 2 ; PIPER, PA-28-181 Archer 2 ; PIPER, PA-28-181 Archer 3 ; PIPER, PA-28-181 Archer DLX ; PIPER, PA-28-181 Archer DX ; PIPER, PA-28-181 Archer LX ; PIPER, PA-28-181 Archer TX ; AICSA, PA-28-181 Cherokee Archer 2 ; PIPER, PA-28-181 Cherokee Archer 2 ; PIPER, PA-28-181 Pilot ; CHINCUL, PA-A-28-161 Warrior 2 ; CHINCUL, PA-A-28-181 Archer 2"
101,P28B,piper,Fixed-wing,1P/S,Light,I,I,3,"EMBRAER, EMB-710 Carioca ; AICSA, PA-28-201T Turbo Dakota ; PIPER, PA-28-235 Cherokee ; 06/12/2025 JO 7360.1K, PA-28-235 Cherokee ; ICAO, PA-28-235 Cherokee ; WTC, PA-28-235 Cherokee ; AICSA, PA-28-235 Cherokee ; PIPER, PA-28-235 Cherokee Charger ; AICSA, PA-28-235 Cherokee Charger ; PIPER, PA-28-235 Cherokee Pathfinder ; AICSA, PA-28-235 Cherokee Pathfinder ; INDAER CHILE, PA-28-236 Dakota ; CHINCUL, PA-A-28-236 Dakota"
102,P28R,piper,Fixed-wing,1P/S,Light,I,I,3,"NEIVA, EMB-711B Corisco ; EMBRAER, EMB-711B Corisco ; NEIVA, EMB-711C Corisco ; EMBRAER, EMB-711C Corisco ; PIPER, PA-28R-180 Cherokee Arrow ; AICSA, PA-28R-180 Cherokee Arrow ; PIPER, PA-28R-200 Cherokee Arrow ; AICSA, PA-28R-200 Cherokee Arrow 2 ; PIPER, PA-28R-200 Cherokee Arrow 2 ; PIPER, PA-28R-201 Arrow ; PIPER, PA-28R-201 Arrow 3 ; CHINCUL, PA-A-28R-201 Arrow 3"
103,P28S,piper,Fixed-wing,1P/S,Light,I,I,2,"PIPER, PA-28R-201T Turbo Arrow ; AICSA, PA-28R-201T Turbo Arrow 3 ; PIPER, PA-28R-201T Turbo Cherokee Arrow 3 ; AICSA, PA-28R-201T Turbo Cherokee Arrow 3"
104,P28T,piper,Fixed-wing,1P/S,Light,I,I,2,"NEIVA, EMB-711T Corisco 2 ; EMBRAER, EMB-711T Corisco 2 ; PIPER, PA-28RT-201 Arrow 4 ; CHINCUL, PA-A-28RT-201 Arrow 4"
105,P28U,piper,Fixed-wing,1P/S,Light,I,I,2,"NEIVA, EMB-711ST Corisco 2 Turbo ; EMBRAER, EMB-711ST Corisco 2 Turbo ; AICSA, PA-28RT-201T Turbo Arrow 4"
106,P32R,piper,Fixed-wing,1P/S,Light,I,I,3,"NEIVA, EMB-721 Sertanejo ; EMBRAER, EMB-721 Sertanejo ; PIPER, PA-32R-300 Cherokee Lance ; AICSA, PA-32R-300 Lance ; PIPER, PA-32R-300 Lance ; PIPER, PA-32R-301 Saratoga 2 HP ; PIPER, PA-32R-301 Saratoga SP ; PIPER, PA-32R-301T Saratoga 2 TC ; AICSA, PA-32R-301T Turbo Saratoga SP ; PIPER, PA-32R-301T Turbo Saratoga SP ; CHINCUL, PA-A-32R-300 Lance"
107,P32T,piper,Fixed-wing,1P/S,Light,I,I,2,"AICSA, PA-32RT Turbo Lance 2 ; 06/12/2025 JO 7360.1K, PA-32RT-300 Lance 2 ; ICAO, PA-32RT-300 Lance 2 ; WTC, PA-32RT-300 Lance 2 ; EMBRAER, PA-32RT-300 Lance 2 ; PIPER, PA-32RT-300T Turbo Lance 2 PIPER ; CHINCUL, PA-A-32RT-300 Lance 2"
108,P46T,piper,Fixed-wing,1T/S,Light,I,I,4,"JETPROP, DLX ; PIPER, PA-46-500TP Meridian M500"
109,PAT4,piper,Fixed-wing,2T/S,Light,I,II,,"SCHAFER, Comanchero 500 ; NEIVA, NE-821 Caraja ; PIPER, PA-31T3-500 T-1040"
110,PAY1,piper,Fixed-wing,2T/S,Light,I,II,5,"PIPER, PA-31T1-500 Cheyenne 1 ; CHINCUL, PA-A-31T1-500 Cheyenne 1"
111,PAY2,piper,Fixed-wing,2T/S,Light,I,II,2,"SCHAFER, Comanchero 620 ; AICSA, PA-31T2-620 Cheyenne 2XL ; PIPER, PA-31T2-620 Cheyenne 2XL ; PIPER, PA-31T-620 Cheyenne ; AICSA, PA-31T-620 Cheyenne 2 ; PIPER, PA-31T-620 Cheyenne 2 ; CHINCUL, PA-A-31T-620 Cheyenne 2"
112,PAY3,piper,Fixed-wing,2T/S,Light,I,II,8,"AICSA, PA-42-720 Cheyenne 3"
113,PAY4,piper,Fixed-wing,2T/S,Light,I,II,4,"PIPER, PA-42-1000 Cheyenne 400"
114,AEST,piper,Fixed-wing,2P/S,Light,I,II,5,"AEROSTAR (1), 600 ; AEROSTAR (1), 601 ; PIPER, Aerostar ; TED SMITH, Aerostar ; PIPER, PA-60 Aerostar ; MACHEN, Superstar"
115,S108,piper,Fixed-wing,1P/S,Light,I,I,2,"PIPER, 108 Station Wagon ; STINSON, 108 Voyager ; PIPER, 108 Voyager"
116,CRUZ,piper,Fixed-wing,1P/S,Light,I,I,,"PARADISE, Eagle ; CSA, PiperSport ; PIPER, PiperSport ; AEROTEK (1), PiperSport ; CAG (2), PS-28 Cruiser ; CSA, PS-28 Cruiser ; TRITON, Skytrek ; CSA, SportCruiser ; CZAW, SportCruiser ; TRITON, Triton Sport"
117,B190,beechcraft,Fixed-wing,2T/S+,Medium,H,III,7,"BEECH, 1900 ; RAYTHEON, 1900 ; BEECH, C-12J"
118,B350,beechcraft,Fixed-wing,2T/S+,Light/Medium,H,III,7,"SCHWEIZER, 300 (B300) King Air 350 ; BEECHCRAFT, 300 (B300) King Air 350 ; HAWKER BEECHCRAFT, 300 (B300) King Air 350 ; BEECHCRAFT, 300 (B300) King Air 360 ; HAWKER BEECHCRAFT, 300 (B300) Shadow ; BEECH, 300 (B300) Super King Air 350 ; RAYTHEON, LR-2 Super King Air 350 ; HAWKER BEECHCRAFT, MC-12"
119,B36T,beechcraft,Fixed-wing,1T/S,Light,I,I,1,"LEARJET, 36 Bonanza (turbine) ; BEECH, 36 Bonanza (turbine) ; RAYTHEON, 36 Bonanza (turbine) ; TRADEWIND TURBINES, 36 Prop-Jet Bonanza ; ALLISON, 36 Turbine Bonanza"
120,B58T,beechcraft,Fixed-wing,2P/S,Light,I,II,6,"BEECH, 58P Pressurized Baron ; BEECH, 58TC Baron"
121,B60T,beechcraft,Fixed-wing,2T/S,Light,I,II,,"BEECH, 60 Royal Turbine Duke ; NORTHWEST TURBINE, 60 Royal Turbine Duke"
122,BE9L,beechcraft,Fixed-wing,2T/S,Light,I,II,5,"BEECH, 90 (A90) King Air ; BEECH, 90 (B90) King Air ; BEECH, 90 (C90) King Air ; BEECH, 90 (D90) King Air ; BEECH, 90 (E90) King Air ; BEECH, 90 King Air ; RAYTHEON, 90 King Air 90 ; BEECHCRAFT, 90 King Air 90 ; HAWKER BEECHCRAFT, 90 King Air 90 ; BEECH, T-44 Pegasus ; JETCRAFTERS, Taurus 90 ; SWEARINGEN, Taurus 90"
123,BE9T,beechcraft,Fixed-wing,2T/S,Light,I,II,7,"BEECH, 90 (F90) King Air"
124,BE10,beechcraft,Fixed-wing,2T/S,Light,I,II,7,"BEECH, 100 King Air ; BEECH, U-21F Ute"
125,BE12,beechcraft,Fixed-wing,2T/L,Medium,F,III,,"BERIEV, Be-12 Tchaika"
126,BE17,beechcraft,Fixed-wing,1P/S,Light,I,I,2,"BEECH, 17 Staggerwing ; BEECH, UC-43 Traveler ; BEECH, YC-43 Traveler"
127,BE18,beechcraft,Fixed-wing,2P/S,Light,I,II,4,"VOLPAR, 18 ; BEECH, 18 (piston) ; BEECH, AT-11 Kansan ; BEECH, AT-7 Navigator ; BEECH, C-45 Expeditor ; BEECH, JRB Expeditor ; HAMILTON, Little Liner ; BEECH, RC-45 Expeditor ; BEECH, SNB Expeditor ; BEECH, TC-45 Expeditor ; BEECH, UC-45 Expeditor"
128,BE19,beechcraft,Fixed-wing,1P/S,Light,I,I,1,"BEECH, 19 Musketeer Sport ; BEECH, 19 Sport"
129,BE20,beechcraft,Fixed-wing,2T/S+,Light/Medium,I,III,7,"BEECH, 1300 Commuter ; HAWKER BEECHCRAFT, 200 King Air 200 ; BEECHCRAFT, 200 King Air 250 ; BEECHCRAFT, 200 King Air 260 ; BEECH, 200 Super King Air ; RAYTHEON, 200 Super King Air ; RAYTHEON, C-12 Huron ; BEECH, C-12A Huron ; BEECH, C-12C Huron ; BEECH, C-12D Huron ; BEECH, C-12E Huron ; BEECH, C-12F Huron ; BEECH, C-12L Huron ; 06/12/2025 JO 7360.1K, C-12L Huron ; ICAO, C-12L Huron ; WTC, C-12L Huron ; BEECH, C-12R Huron ; BEECH, FWC-12 Tzufit ; BEECH, JC-12 Huron ; BEECH, NC-12 Huron ; BEECH, RC-12 Huron ; BEECH, TC-12 Huron ; BEECH, UC-12 Huron"
130,BE22,beechcraft,Fixed-wing,1T/S,Light,I,I,,"06/12/2025 JO 7360.1K, 220 Denali ; ICAO, 220 Denali ; WTC, 220 Denali ; BEECHCRAFT, 220 Denali ; TEXTRON, 220 Denali"
131,BE23,beechcraft,Fixed-wing,1P/S,Light,I,I,2,"BEECH, 23 Musketeer ; BEECH, 23 Sundowner"
132,BE24,beechcraft,Fixed-wing,1P/S,Light,I,I,3,"BEECH, 24 Musketeer Super ; BEECH, 24 Sierra"
133,BE30,beechcraft,Fixed-wing,2T/S+,Light,I,III,6,"SCHWEIZER, 300 Super King Air ; BEECH, 300 Super King Air"
134,BE33,beechcraft,Fixed-wing,1P/S,Light,I,I,4,"BEECH, 33 Bonanza ; RAYTHEON, 33 Bonanza ; BEECH, 33 Debonair ; HESA, Parastu ; COLEMILL, Starfire Bonanza 33"
135,BE35,beechcraft,Fixed-wing,1P/S,Light,I,I,3,"BEECH, 35 Bonanza ; COLEMILL, Starfire Bonanza 35"
136,BE36,beechcraft,Fixed-wing,1P/S,Light,I,I,2,"BEECH, 36 Bonanza 36 ; BEECH, A36 Bonanza 36 ; RAYTHEON, A36 Bonanza 36 ; RAYTHEON, A36 Chofit ; CASA, A36 Chofit ; BEECH, A36AT Bonanza 36 ; HAWKER BEECHCRAFT, G36 Bonanza ; RAYTHEON, G36 Bonanza ; COLEMILL, Starfire Bonanza 36"
137,BE40,beechcraft,Fixed-wing,2J/S+,Medium,H,III,8,"BEECH, 400 Beechjet ; BEECH, 400A Beechjet ; RATHEON, 400T Jayhwak ; BEECH, 400T Jayhwak ; RAYTHEON, 400T TX ; BEECH, 400T TX ; HAWKER BEECHCRAFT, Hawker 400XP ; BEECH, T-1 Jayhawk ; RAYTHEON, T-1 Jayhawk ; BEECH, T-400 ; RAYTHEON, T-400"
138,BE4W,beechcraft,Fixed-wing,2J/S+,Medium,H,III,8,"HAWKER BEECHCRAFT, 400XPR Beechjet ; RAYEHEON, 400XPR Beechjet ; BEECH, 400XPR Beechjet ; NEXTANT, 400XT Beechcraft ; RAYTHEON, 400XT Beechcraft ; RAYTHEON, Hawker 400XPR ; HAWKER BEECHCRAFT, Hawker 400XPR ; NEXTANT, Hawker 400XT ; RAYTHEON, Hawker 400XT"
139,BE50,beechcraft,Fixed-wing,2P/S,Light,I,II,4,"BEECH, 50 Twin Bonanza ; EXCALIBUR, Excalibur ; SWEARINGEN, Excalibur ; BEECH, RU-8 Seminole ; BEECH, U-8D Seminole ; BEECH, U-8E Seminole ; BEECH, U-8G Seminole"
140,BE55,beechcraft,Fixed-wing,2P/S,Light,I,II,6,"BEECH, 55 Baron ; BEECH, C-55 Baron ; COLEMILL, Foxstar Baron 55 ; COLEMILL, President 600 ; BEECH, T-42 Cochise"
141,BE56,beechcraft,Fixed-wing,2P/S,Light,I,II,2,"BEECH, 56 Turbo Baron"
142,BE58,beechcraft,Fixed-wing,2P/S,Light,I,II,6,"BEECH, 58 Baron ; BEECHCRAFT, 58 Baron ; HAWKER BEECHCRAFT, 58 Baron ; RAYTHEON, 58 Baron ; COLEMILL, Foxstar Baron 58"
143,BE60,beechcraft,Fixed-wing,2P/S,Light,I,II,8,"BEECH, 60 Duke"
144,BE65,beechcraft,Fixed-wing,2P/S,Light,I,II,5,"BEECH, 65 Queen Air ; SWEARINGEN, 800 (65) ; EXCALIBUR, Queenaire 800 (65) ; BEECH, U-8F Seminole"
145,BE70,beechcraft,Fixed-wing,2P/S,Light,I,II,1,"BEECH, 70 Queen Air"
146,BE77,beechcraft,Fixed-wing,1P/S,Light,I,I,1,"BEECH, 77 Skipper"
147,BE80,beechcraft,Fixed-wing,2P/S,Light,I,II,5,"BEECH, 80 Queen Air ; BEECH, 80 Zamir ; SWEARINGEN, 800 (80) ; EXCALIBUR, Queenaire 800 (80) ; EXCALIBUR, Queenaire 8800"
149,BE99,beechcraft,Fixed-wing,2T/S,Light,I,II,5,"BEECH, 99 Airliner"
150,BT36,beechcraft,Fixed-wing,1P/S,Light,I,I,3,"BEECH, A36TC Bonanza ; BEECH, B36TC Bonanza ; RAYTHEON, B36TC Bonanza"
151,H25B,beechcraft,Fixed-wing,2J/S+,Medium,H,III,7,"BRITISH AEROSPACE, BAe-125-700 ; BRITISH AEROSPACE, BAe-125-800 ; BRITISH AEROSPACE, C-29 ; HAWKER BEECHCRAFT, Hawker 750 ; HAWKER BEECHCRAFT, Hawker 800 ; RAYTHEON, Hawker 850 ; HAWKER BEECHCRAFT, Hawker 850 ; HAWKER BEECHCRAFT, Hawker 900 ; HAWKER SIDDELEY, HS-125-700 ; RAYTHEON, IU-93 ; BRITISH AEROSPACE, U-125 ; RAYTHEON, U-125 ; 06/12/2025 JO 7360.1K, U-125 ; ICAO, U-125 ; WTC, U-125"
152,H25C,beechcraft,Fixed-wing,2J/S+,Medium,H,III,7,"BRITISH AEROSPACE, BAe-125-1000 ; RAYTHEON, Hawker 1000"
153,HA2,beechcraft,Gyroplane,1P/S,Light,I,I,,"HOLLMANN, HA-2 Sportster"
154,PRIM,beechcraft,Fixed-wing,1P/S,Light,I,I,,"BLACKSHAPE, Bk-100 Prime ; CASA, Bk-100 Prime"
155,PRM1,beechcraft,Fixed-wing,2J/S,Light,I,III,7,"HAWKER BEECHCRAFT, 390 Hawker 200 ; HAWKER BEECHCRAFT, 390 Premier 1 ; RAYTHEON, 390 Premier 1"
156,STAT,beechcraft,Fixed-wing,1T/S,Light,I,I,,"AIRCRAFT DESIGNS, Turbine Stallion"
157,STCH,beechcraft,Fixed-wing,1P/S,Light,I,I,,"FLY SYNTHESIS, Storch"
158,T34P,beechcraft,Fixed-wing,1P/S,Light,I,I,1,"BEECH, 45 Mentor ; FUJI, KM-2B Mentor ; FUJI, T-3 Mentor ; DINFIA, T-34 Mentor ; FUJI, T-34 Mentor ; BEECH, T-34A Mentor ; BEECH, T-34B Mentor"
159,T34T,beechcraft,Fixed-wing,1T/S,Light,I,I,,"BEECH, T-34C Turbo Mentor ; FUJI, T-3Kai"
160,TEX2,beechcraft,Fixed-wing,1T/S,Light,I,I,,"RAYTHEON, 3000 ; 06/12/2025 JO 7360.1K, 3000 ; ICAO, 3000 ; WTC, 3000 ; HAWKER BEECHCRAFT, 3000 ; HAWKER BEECHCRAFT, AT-6 Wolverine ; TEXTRON, AT-6 Wolverine ; RAYTHEON, CT-156 Harvard 2 ; HAWKER BEECHCRAFT, T-6 Efroni ; BEECHCRAFT, T-6 Texan 2 ; HAWKER BEECHCRAFT, T-6 Texan 2 ; RAYTHEON, T-6 Texan 2 ; TEXTRON, T-6 Texan 2 ; 06/12/2025 JO 7360.1K, T-6 Texan 2 ; ICAO, T-6 Texan 2 ; WTC, T-6 Texan 2 ; TEXTRON, T-6 Texan T1"
161,U21,beechcraft,Fixed-wing,2T/S,Light,I,II,,"BEECH, 90 (A90-1) Ute ; BEECH, 90 (A90-2) Ute ; BEECH, 90 (A90-3) Ute ; 06/12/2025 JO 7360.1K, 90 (A90-3) Ute ; ICAO, 90 (A90-3) Ute ; WTC, 90 (A90-3) Ute ; BEECH, 90 (A90-4) Ute ; BEECH, EU-21 Ute ; BEECH, JU-21 Ute ; BEECH, RU-21 Ute ; BEECH, U-21A Ute ; BEECH, U-21G Ute"
162,SR20,secondary,Fixed-wing,1P/S,Light,I,I,1,"CIRRUS, SR-20 ; CIRRUS, SR-20 SRV ; CIRRUS, T-53"
163,SR22,secondary,Fixed-wing,1P/S,Light,I,I,1,"CIRRUS, SR-22"
164,DA40,secondary,Fixed-wing,1P/S,Light,I,I,4,"DIAMOND, DA-40 Club Star ; DIAMOND, DA-40 Diamond Star ; DIAMOND, DA-40 Katana ; DIAMOND, DA-40 Tundra Star"
165,DA42,secondary,Fixed-wing,2P/S,Light,I,II,4,"DIAMOND, DA-42 Guardian ; DIAMOND, DA-42 Twin Star ; DIAMOND, DA-42 Twin Turbo"
166,DA62,secondary,Fixed-wing,2P/S,Light,I,II,,"DIAMOND, DA-62"
167,DV20,secondary,Fixed-wing,1P/S,Light,I,I,2,"DIAMOND, DA-20 Eclipse ; DIAMOND, DA-20 Evolution ; DIAMOND, DA-20 Falcon ; DIAMOND, DA-20 Katana ; DIAMOND, DA-22 Speed Katana ; DIAMOND, DV-20 Katana ; HOAC, DV-20 Katana"
168,AA1,secondary,Fixed-wing,1P/S,Light,I,I,1,"GRUMMAN AMERICAN, AA-1 Lynx ; GULFSTREAM AMERICAN, AA-1 T-Cat ; GRUMMAN AMERICAN, AA-1 T-Cat ; GULFSTREAM AMERICAN, AA-1 Tr2 ; AMERICAN, AA-1 Tr2 ; GRUMMAN AMERICAN, AA-1 Trainer ; AMERICAN, AA-1 Trainer ; AMERICAN, AA-1 Yankee"
169,AA5,secondary,Fixed-wing,1P/S,Light,I,I,1,"GRUMMAN AMERICAN, AA-5 Cheetah ; GULFSTREAM AMERICAN, AA-5 Tiger ; GRUMMAN AMERICAN, AA-5 Tiger ; GULFSTREAM AMERICAN, AA-5 Traveler ; AMERICAN, AA-5 Traveler ; GRUMMAN AMERICAN, AA-5 Traveler ; AMERICAN GENERAL, AG-5 Tiger"
170,M20P,secondary,Fixed-wing,1P/S,Light,I,I,4,"AEROSTAR (1), 200 ; RAYTHEON, 201 ; AEROSTAR (1), 201 ; MOONEY, 201 ; AEROSTAR (1), 202 ; AEROSTAR (1), 220 ; MOONEY, M-20 ; MOONEY, M-20A ; MOONEY, M-20B Mark 21 ; MOONEY, M-20C Mark 21 ; MOONEY, M-20C Ranger ; MOONEY, M-20D Master ; MOONEY, M-20E Chaparral ; MOONEY, M-20E Super 21 ; MOONEY, M-20F Executive ; MOONEY, M-20G Statesman ; MOONEY, M-20J 201 ; MOONEY, M-20J 205 ; MOONEY, M-20J Allegro ; MOONEY, M-20J ATS ; MOONEY, M-20J MSE ; MOONEY, M-20L PFM ; MOONEY, M-20R Ovation ; MOONEY, M-20R Ovation 2 ; MOONEY, M-20R Ovation 3 ; MOONEY, M-20S Eagle ; MOONEY, M-20U Ovation Ultra"
171,M20T,secondary,Fixed-wing,1P/S,Light,I,I,6,"MOONEY, M-20K 231 ; MOONEY, M-20K 252TSE ; MOONEY, M-20K Encore ; MOONEY, M-20M Bravo ; MOONEY, M-20M TLS ; MOONEY, M-20TN Acclaim ; MOONEY, M-20TN Acclaim Type S ; MOONEY, M-20V Acclaim Ultra"
172,GLAS,secondary,Fixed-wing,1P/S,Light,I,I,,"NEW GLASAIR, Glasair ; STODDARD-HAMILTON, Glasair"
173,GLST,secondary,Fixed-wing,1P/S,Light,I,I,,"GLASAIR, GlaStar ; NEW GLASTAR, GlaStar ; STODDARD-HAMILTON, SH-4 GlaStar ; GLASAIR, Sportsman 2+2"
174,RV6,secondary,Fixed-wing,1P/S,Light,I,I,,"AIEP, Air Beetle ; LEZA, Air Beetle ; AII, AVA-202 ; VAN'S, RV-6"
175,RV7,secondary,Fixed-wing,1P/S,Light,I,I,,"VAN'S, RV-7"
176,RV8,secondary,Fixed-wing,1P/S,Light,I,I,,"VAN'S, RV-8"
177,RV9,secondary,Fixed-wing,1P/S,Light,I,I,,"VAN'S, RV-9"
178,RV10,secondary,Fixed-wing,1P/S,Light,I,I,,"VAN'S, RV-10"
179,RV12,secondary,Fixed-wing,1P/S,Light,I,I,,"VAN'S, RV-12"
180,RV14,secondary,Fixed-wing,1P/S,Light,I,I,,"VAN'S, RV-14"
181,VELO,secondary,Fixed-wing,1P/S,Light,I,I,,"VELOCITY, Velocity 173 ; VELOCITY, Velocity LW ; VELOCITY, Velocity SE ; VELOCITY, Velocity TXL ; VELOCITY, Velocity XL"
182,LEG2,secondary,Fixed-wing,1P/S,Light,I,I,,"LANCAIR, Legacy"
183,YK52,secondary,Fixed-wing,1P/S,Light,I,I,,"AEROSTAR (2), Iak-52 ; BACAU, Yak-52 ; YAKOVLEV, Yak-52"
184,CJ6,secondary,Fixed-wing,1P/S,Light,I,I,,"HONGDU, BT-6 ; HONGDU, CJ-6 ; NANCHANG, CJ-6 ; NANCHANG, PT-6 ; AERO DESIGNS, PT-6"
185,PC12,secondary,Fixed-wing,1T/S,Light,I,I,4,"PILATUS, PC-12 ; PILATUS, PC-12 Eagle ; PILATUS, PC-12 Spectre ; PILATUS, U-28"
186,PC24,secondary,Fixed-wing,2J/S+,Medium,H,III,5,"PILATUS, PC-24"
187,TBM7,secondary,Fixed-wing,1T/S,Light,I,I,5,"TBM, TBM-700 ; SOCATA, TBM-700A ; TBM, TBM-700A ; SOCATA, TBM-700B ; SOCATA, TBM-700C"
188,TBM8,secondary,Fixed-wing,1T/S,Light,I,I,5,"SOCATA, TBM-700N (TBM-850) ; SOCATA, TBM-850"
189,TBM9,secondary,Fixed-wing,1T/S,Light,I,I,5,"SOCATA, TBM-700N (TBM-900) ; DAHER, TBM-700N (TBM-910) ; SOCATA, TBM-700N (TBM-930) ; 06/12/2025 JO 7360.1K, TBM-700N (TBM-930) ; ICAO, TBM-700N (TBM-930) ; WTC, TBM-700N (TBM-930) ; DAHER, TBM-700N (TBM-930) ; DAHER, TBM-700N (TBM-940) ; DAHER, TBM-700N (TBM-960) ; SOCATA, TBM-900 ; DAHER, TBM-910 ; SOCATA, TBM-930 ; DAHER, TBM-930 ; DAHER, TBM-940 ; DAHER, TBM-960"
190,E50P,secondary,Fixed-wing,2J/S,Light,I,III,7,"EMBRAER, EMB-500 Phenom 100"
191,E55P,secondary,Fixed-wing,2J/S+,Medium,H,III,6,"EMBRAER, EMB-505 Phenom 300"
192,HDJT,secondary,Fixed-wing,2J/S,Light,I,III,4,"HONDA, HA-420 HondaJet"
193,SF50,secondary,Fixed-wing,1J/S,Light,I,III,5,"CIRRUS, SF-50 Vision ; CIRRUS, SJ-X Vision"
194,EA50,secondary,Fixed-wing,2J/S,Light,I,III,4,"ECLIPSE, Eclipse 500 ; ECLIPSE, Eclipse 550"
195,P180,secondary,Fixed-wing,2T/S,Light,I,II,1,"PIAGGIO, P-180 Avanti"
196,MU2,secondary,Fixed-wing,2T/S,Light,I,II,6,"MITSUBISHI, LR-1 ; MITSUBISHI, MU-2 ; MITSUBISHI, MU-2 Marquise ; MITSUBISHI, MU-2 Solitaire"
197,SW4,secondary,Fixed-wing,2T/S+,Light/Medium,H,III,5,"FAIRCHILD (1), C-26 Metro ; FAIRCHILD (1), RC-26 Metro ; 06/12/2025 JO 7360.1K, RC-26 Metro ; ICAO, RC-26 Metro ; WTC, RC-26 Metro ; SWEARINGEN, SA-226AT Merlin 4 ; SWEARINGEN, SA-226TC Metro ; FAIRCHILD SWEARINGEN, SA-226TC Metro ; SWEARINGEN, SA-227AC Metro ; FAIRCHILD (1), SA-227AC Metro ; FAIRCHILD SWEARINGEN, SA-227AT Expediter ; FAIRCHILD (1), SA-227AT Expediter ; FAIRCHILD SWEARINGEN, SA-227AT Merlin 4 ; FAIRCHILD (1), SA-227AT Merlin 4 ; FAIRCHILD (1), SA-227BC Metro ; FAIRCHILD (1), SA-227CC Metro ; FAIRCHILD (1), SA-227DC Expediter ; FAIRCHILD (1), SA-227DC Metro ; FAIRCHILD DORNIER, SA-227PC Metro ; FAIRCHILD (1), SA-227PC Metro ; FAIRCHILD (1), UC-26 Merlin 4"
198,E545,secondary,Fixed-wing,2J/S+,Medium,H,III,6,"EMBRAER, EMB-545 Legacy 450 ; EMBRAER, EMB-545 Praetor 500"
199,E550,secondary,Fixed-wing,2J/S+,Medium,H,III,6,"EMBRAER, EMB-550 Legacy 500 ; EMBRAER, EMB-550 Praetor 600"
200,E135,secondary,Fixed-wing,2J/L,Medium,G,III,7,"EMBRAER, EMB-135ER ; EMBRAER, EMB-135KE ; EMBRAER, EMB-135KL ; EMBRAER, EMB-135LR ; EMBRAER, ERJ-135 ; EMBRAER, ERJ-140 ; EMBRAER, VC-99C"
201,CL30,secondary,Fixed-wing,2J/S+,Medium,H,III,7,"BOMBARDIER, BD-100 Challenger 300"
202,CL35,secondary,Fixed-wing,2J/S+,Medium,H,III,7,"BOMBARDIER, BD-100 Challenger 350 ; BOMBARDIER, BD-100 Challenger 3500"
203,CL60,secondary,Fixed-wing,2J/L,Medium,G,III,8,"CANADAIR, C-143 Challenger 604 ; CANADAIR, CC-144 Challenger 600 ; CANADAIR, CC-144B Challenger 601 ; 06/12/2025 JO 7360.1K, CC-144B Challenger 601 ; ICAO, CC-144B Challenger 601 ; WTC, CC-144B Challenger 601 ; CANADAIR, CE-144A Challenger 600 ; CANADAIR, CL-600 Challenger 600 ; CANADAIR, CL-600 Challenger 601 ; CANADAIR, CL-600 Challenger 604 ; CANADAIR, CL-600 Challenger 605 ; BOMBARDIER, CL-600 Challenger 650"
204,LJ31,secondary,Fixed-wing,2J/S+,Medium,H,III,7,"FUJI, 31 ; GATES LEARJET, 31 ; LEARJET, 31"
205,LJ35,secondary,Fixed-wing,2J/S+,Medium,H,III,9,"SCALED, 35 ; GATES LEARJET, 35 ; LEARJET, 35 ; GATES LEARJET, 36 ; GATES LEARJET, C-21 ; LEARJET, C-21 ; GATES LEARJET, R-35 ; GATES LEARJET, RC-35 ; LEARJET, RC-35 ; GATES LEARJET, RC-36 ; GATES LEARJET, U-36 ; LEARJET, U-36 ; GATES LEARJET, UC-35 ; GATES LEARJET, UC-36 ; LEARJET, UC-36 ; LEARJET, VU-35"
206,LJ45,secondary,Fixed-wing,2J/S+,Medium,H,III,6,"LEARJET, 45"
207,LJ60,secondary,Fixed-wing,2J/S+,Medium,H,III,8,"LEARJET, 60"
208,FA10,secondary,Fixed-wing,2J/S+,Medium,H,III,8,"DASSAULT, Falcon 10 ; DASSAULT, Falcon 100 ; DASSAULT, Mystère 10 ; DASSAULT, Mystère 100"
209,FA20,secondary,Fixed-wing,2J/S+,Medium,H,III,7,"DASSAULT, Falcon 20 ; DASSAULT, Falcon 200 ; DASSAULT, Gardian ; DASSAULT, HU-25 Guardian ; DASSAULT, Mystère 20 ; DASSAULT, Mystère 200"
210,FA50,secondary,Fixed-wing,3J/S+,Medium,H,III,8,"DASSAULT, Falcon 50 ; DASSAULT, Mystère 50"
211,F2TH,secondary,Fixed-wing,2J/S+,Medium,H,III,8,"DASSAULT, Falcon 2000"
212,F900,secondary,Fixed-wing,3J/L,Medium,G,III,8,"DASSAULT, Falcon 900 ; DASSAULT, Mystère 900"
213,GLF4,secondary,Fixed-wing,2J/L,Medium,G,III,8,"GULFSTREAM AEROSPACE, C-20F Gulfstream 4 ; GULFSTREAM AEROSPACE, C-20G Gulfstream 4 ; GULFSTREAM AEROSPACE, C-20H Gulfstream 4 ; GULFSTREAM AEROSPACE, G-4 Gulfstream 4 ; GULFSTREAM AEROSPACE, G-4 Gulfstream 4SP ; GULFSTREAM AEROSPACE, G-4 Gulfstream G300 ; GULFSTREAM AEROSPACE, G-4 Gulfstream G350 ; GULFSTREAM AEROSPACE, G-4 Gulfstream G400 ; GULFSTREAM AEROSPACE, G-4 Gulfstream SRA-4 ; GULFSTREAM AEROSPACE, G-4X Gulfstream G450 ; GULFSTREAM AEROSPACE, S102 Gulfstream 4 ; GULFSTREAM AEROSPACE, Tp102 Gulfstream 4 ; GULFSTREAM AEROSPACE, U-4 Gulfstream 4"
214,GLF5,secondary,Fixed-wing,2J/L,Medium,F,III,7,"GULFSTREAM AEROSPACE, C-37 ; GULFSTREAM AEROSPACE, E-550 ; GULFSTREAM AEROSPACE, EA-37 ; GULFSTREAM AEROSPACE, G-5 Gulfstream 5 ; GULFSTREAM AEROSPACE, G-5 Shavit ; GULFSTREAM AEROSPACE, G-5SP Eitam ; GULFSTREAM AEROSPACE, G-5SP Gulfstream 5SP ; GULFSTREAM AEROSPACE, G-5SP Gulfstream G500 ; GULFSTREAM AEROSPACE, G-5SP Gulfstream G550 ; GULFSTREAM AEROSPACE, G-5SP Oron ; GULFSTREAM AEROSPACE, MC-55 ; GULFSTREAM AEROSPACE, NC-37"
215,GLF6,secondary,Fixed-wing,2J/L,Medium,F,III,8,"GULFSTREAM AEROSPACE, G-6 Gulfstream G650"
216,G280,secondary,Fixed-wing,2J/S+,Medium,H,III,7,"IAI, Gulfstream G280 ; GULFSTREAM AEROSPACE, Gulfstream G280"
217,GALX,secondary,Fixed-wing,2J/S+,Medium,H,III,5,"IAI, 1126 Galaxy ; IAI, 1126 Gulfstream G200 ; GULFSTREAM AEROSPACE, Gulfstream G200"
218,R22,secondary,Helicopter,1P/S,Light,I,I,,"ROBINSON, R-22 ; ROBINSON, R-22 Beta ; ROBINSON, R-22 Mariner ; AERO ELI, Yo-Yo"
219,R44,secondary,Helicopter,1P/S,Light,I,I,,"ROBINSON, R-44 Astro ; ROBINSON, R-44 Clipper ; ROBINSON, R-44 Raven"
220,R66,secondary,Helicopter,1T/S,Light,I,I,,"ROBINSON, R-66"
221,B06,secondary,Helicopter,1T/S,Light,I,I,,"PANHA, 2061 ; BELL, 206A JetRanger ; BELL, 206B JetRanger ; BELL, 206L LongRanger ; BELL, 406 ; BELL, 406 Combat Scout ; AGUSTA, AB-206 JetRanger ; AGUSTA, AB-206 LongRanger ; COMMONWEALTH (1), BA-206 Kiowa ; COMMONWEALTH (1), CA-32 Kiowa ; BELL, CH-136 ; BELL, CH-139 ; BELL, COH-58 ; 06/12/2025 JO 7360.1K, COH-58 ; ICAO, COH-58 ; WTC, COH-58 ; AGUSTA, Hkp6 JetRanger ; BELL, OH-58 Kiowa ; BELL, OH-58 Kiowa Warrior ; BELL, TH-206 ; BELL, TH-57 SeaRanger ; BELL, TH-67 Creek ; BELL, VH-4 JetRanger"
222,B407,secondary,Helicopter,1T/S,Light,I,I,,"BELL, 407 ; BELL, ARH-70 Arapaho ; NUSANTARA, NBell-407 ; BELL, YRH-70 Arapaho"
223,B429,secondary,Helicopter,2T/S,Light,I,I,,"BELL, 429 GlobalRanger"
224,B412,secondary,Helicopter,2T/S,Light,I,I,,"BELL, 412 ; BELL, 412 Arapaho ; BELL, 412 Griffin ; 06/12/2025 JO 7360.1K, 412 Griffin ; ICAO, 412 Griffin ; WTC, 412 Griffin ; BELL, 412 Sentinel ; AGUSTA, AB-412 ; AGUSTA, AB-412 Griffon ; BELL, CH-146 Griffon ; AGUSTA, Hkp11 ; DIRGANTARA INDONESIA, NBell-412 ; NUSANTARA, NBell-412"
225,B212,secondary,Helicopter,2T/S,Light,I,I,,"BELL, 212 ; BELL, 212 Twin Two-Twelve ; AGUSTA, AB-212 ; BELL, UH-1N ; BELL, VH-1"
226,UH1,secondary,Helicopter,1T/S,Light,I,I,,"BELL, 204 ; FUJI, 204 ; BELL, 205 ; FUJI, 205 ; BELL, 210 ; EAGLE COPTERS, 212S Eagle Single ; AGUSTA, AB-204 ; AGUSTA, AB-205 ; BELL, CH-118 ; BELL, CUH-1H ; BELL, EH-1 Iroquois ; BELL, HH-1 Iroquois ; AGUSTAWESTLAND, HH-1 Iroquois ; AGUSTA, Hkp3 ; GLOBAL, Huey 800 ; BELL, SH-1 Iroquois ; PANHA, Shabaviz 2-75 ; BELL, TH-1E Iroquois ; BELL, TH-1F Iroquois ; BELL, TH-1H Iroquois ; BELL, TH-1L Iroquois ; DORNIER, UH-1 ; BELL, UH-1A Iroquois ; BELL, UH-1B Iroquois ; BELL, UH-1C Iroquois ; BELL, UH-1D Iroquois ; BELL, UH-1E Iroquois ; BELL, UH-1F Iroquois ; BELL, UH-1H Iroquois ; BELL, UH-1L Iroquois ; BELL, UH-1M Iroquois ; BELL, UH-1V Iroquois ; UNC, Ultra Huey"
227,H60,secondary,Helicopter,2T/S+,Medium,H,I,,"SIKORSKY, AH-60 Black Hawk ; SIKORSKY, EH-60 Black Hawk ; SIKORSKY, HH-60 Black Hawk ; SIKORSKY, HH-60 Jayhawk ; SIKORSKY, HH-60 Pave Hawk ; SIKORSKY, HH-60 Rescue Hawk ; SIKORSKY, HM-2 Blackhawk ; SIKORSKY, JUH-60 Black Hawk ; SIKORSKY, MH-60 Black Hawk ; SIKORSKY, MH-60 Knighthawk ; SIKORSKY, MH-60 Strikehawk ; SIKORSKY, NSH-60 Seahawk ; SIKORSKY, S-70 ; HAWKER DE HAVILLAND, S-70 Black Hawk ; SIKORSKY, S-70 Black Hawk ; SIKORSKY, S-70 Desert Hawk ; SIKORSKY, S-70 Firehawk ; 06/12/2025 JO 7360.1K, S-70 Seahawk ; ICAO, S-70 Seahawk ; WTC, S-70 Seahawk ; ASTA, S-70 Seahawk ; MITSUBISHI, S-70 Seahawk ; SIKORSKY, S-70 Super Blue Hawk ; SIKORSKY, S-70 Thunderhawk ; SIKORSKY, SH-60 Ocean Hawk ; MITSUBISHI, SH-60 Seahawk ; SIKORSKY, SH-60 Seahawk ; MITSUBISHI, UH-60 ; KOREAN AIR, UH-60 Black Hawk ; SIKORSKY, UH-60 Black Hawk ; SIKORSKY, UH-60 Firehawk ; SIKORSKY, UH-60 Yanshuf ; MITSUBISHI, USH-60 Seahawk ; SIKORSKY, VH-60 White Hawk ; WESTLAND, WS-70 ; AEROSTAR (2), WS-70"
228,S76,secondary,Helicopter,2T/S,Light,I,I,,"SIKORSKY, AUH-76 ; SIKORSKY, H-76 Eagle ; KEYSTONE, S-76 ; SIKORSKY, S-76 ; SIKORSKY, S-76 Spirit"
229,EC20,secondary,Helicopter,1T/S,Light,I,I,,"AIRBUS HELICOPTERS, EC-120 Colibri ; EUROCOPTER, EC-120 Colibri ; EUROCOPTER, EC-120 Stylence ; AIRBUS HELICOPTERS, H-120 Colibri ; HARBIN, HC-120"
230,EC30,secondary,Helicopter,1T/S,Light,I,I,,"AIRBUS HELICOPTERS, EC-130 ; EUROCOPTER, EC-130 ; EUROCOPTER, EC-130 Stylence ; AIRBUS HELICOPTERS, H-130"
231,EC35,secondary,Helicopter,2T/S,Light,I,I,,"AIRBUS HELICOPTERS, EC-135 ; EUROCOPTER, EC-135 ; AIRBUS HELICOPTERS, EC-135 Bluecopter ; AIRBUS HELICOPTERS, EC-635 ; EUROCOPTER, EC-635 ; AIRBUS HELICOPTERS, H-135"
232,EC45,secondary,Helicopter,2T/S,Light,I,I,,"EUROCOPTER-KAWASAKI, BK-117C-2 ; AIRBUS HELICOPTERS-KAWASAKI, BK-117D ; AIRBUS HELICOPTERS-KAWASAKI, BK-117D Jupiter ; AIRBUS HELICOPTERS-KAWASAKI, EC-145 ; EUROCOPTER-KAWASAKI, EC-145 ; EUROCOPTER-KAWASAKI, EC-145 Stylence ; AIRBUS HELICOPTERS-KAWASAKI, EC-645 ; AIRBUS HELICOPTERS, EC-645 ; AIRBUS HELICOPTERS-KAWASAKI, H-145 ; AIRBUS HELICOPTERS-KAWASAKI, H-145 Jupiter ; EUROCOPTER-KAWASAKI, H-72 Lakota ; EUROCOPTER-KAWASAKI, UH-145 ; AIRBUS HELICOPTERS-KAWASAKI, UH-72 Lakota ; EUROCOPTER-KAWASAKI, UH-72 Lakota"
233,AS50,secondary,Helicopter,1T/S,Light,I,I,,"AVICOPTER, AC-301 ; 06/12/2025 JO 7360.1K, AS-350 AStar ; ICAO, AS-350 AStar ; WTC, AS-350 AStar ; AEROSPATIALE, AS-350 AStar ; EUROCOPTER, AS-350 Ecureuil ; AEROSPATIALE, AS-350 Ecureuil ; AIRBUS HELICOPTERS, AS-350 Ecureuil ; LOT, AS-350 Ecureuil ; EUROCOPTER, AS-350 Squirrel ; EUROCOPTER, AS-350 Stylence ; AEROSPATIALE, AS-350 Stylence ; AIRBUS HELICOPTERS, AS-350 SuperStar ; EUROCOPTER, AS-350 SuperStar ; AEROSPATIALE, AS-350 SuperStar ; AIRBUS HELICOPTERS, AS-550 Fennec ; AIRBUS HELICOPTERS, H-125 Ecureuil ; AIRBUS HELICOPTERS, H-125 Fennec ; AIRBUS HELICOPTERS, H-125 SuperStar ; HELIBRAS, H-50 Esquilo ; HELIBRAS, HA-1 Esquilo ; HELIBRAS, HB-350 Esquilo ; HELIBRAS, UH-12 Esquilo ; CHANGHE, Z-11"
234,AS55,secondary,Helicopter,2T/S,Light,I,I,,"AIRBUS HELICOPTERS, AS-355 Ecureuil 2 ; EUROCOPTER, AS-355 Ecureuil 2 ; EUROCOPTER, AS-355 Stylence ; EUROCOPTER, AS-355 Twin Squirrel ; AEROSPATIALE, AS-355 TwinStar ; EUROCOPTER, AS-555 Fennec ; AEROSPATIALE, AS-555 Fennec ; HELIBRAS, CH-55 Esquilo ; HELIBRAS, HB-355 Esquilo ; HELIBRAS, UH-13 Esquilo ; HELIBRAS, VH-55 Esquilo"
235,A169,secondary,Helicopter,2T/S,Light,I,I,,"FINMECCANICA, AW-169 ; LEONARDO, AW-169 ; AGUSTAWESTLAND, AW-169"
236,A189,secondary,Helicopter,2T/S+,Medium,H,I,,"FINMECCANICA, AW-189 ; LEONARDO, AW-189"
237,BK17,secondary,Helicopter,2T/S,Light,I,I,,"HYUNDAI, BK-117 ; MBB-KAWASAKI, BK-117 ; EUROCOPTER-KAWASAKI, BK-117B ; EUROCOPTER-KAWASAKI, BK-117C-1 ; AIRBUS HELICOPTERS-KAWASAKI, BK-117C-1 ; NUSANTARA, NBK-117 ; DIRGANTARA INDONESIA, NBK-117"
238,MD52,secondary,Helicopter,1T/S,Light,I,I,,"MCDONNELL DOUGLAS, AH-6J ; MCDONNELL DOUGLAS, MD-520N ; MD HELICOPTERS, MD-520N ; BOEING, MD-520N ; MCDONNELL DOUGLAS, MD-530N ; MCDONNELL DOUGLAS, MH-6J"
239,MD60,secondary,Helicopter,1T/S,Light,I,I,,"BOEING, MD-600N ; HONGDU MD HELICOPTERS, MD-600N"
240,H500,secondary,Helicopter,1T/S,Light,I,I,,"KAWASAKI, 369 ; KOREAN AIR, 369 ; HUGHES, 500 ; KAWASAKI, 500 ; KOREAN AIR, 500 ; RACA, 500 ; NORTH AMERICAN ROCKWELL, 500 Defender ; HUGHES, 500 Defender ; KOREAN AIR, 520MK Black Tiger ; HUGHES, 530F ; HUGHES, AH-6C ; HUGHES, AH-6G ; MCDONNELL DOUGLAS, AH-6G ; MD HELICOPTERS, AH-6I ; MCDONNELL DOUGLAS, MD-500 ; MD HELICOPTERS, MD-500 ; BOEING, MD-500 ; MCDONNELL DOUGLAS, MD-500 Defender ; MD HELICOPTERS, MD-500 Defender ; BOEING, MD-500 Defender ; MCDONNELL DOUGLAS, MD-500 Nightfox ; MD HELICOPTERS, MD-500 Nightfox ; BOEING, MD-500 Nightfox ; MCDONNELL DOUGLAS, MD-530F Lifter ; MD HELICOPTERS, MD-530F Lifter ; BOEING, MD-530F Lifter ; MCDONNELL DOUGLAS, MD-530MG Defender ; MD HELICOPTERS, MD-530MG Defender ; BOEING, MD-530MG Defender ; MCDONNELL DOUGLAS, MD-530MG Nightfox ; MD HELICOPTERS, MD-530MG Nightfox ; HUGHES, MH-6B ; HUGHES, MH-6C ; HUGHES, MH-6E ; HUGHES, MH-6H ; MCDONNELL DOUGLAS, MH-6H ; NARDI, NH-500 ; AGUSTA, NH-500 ; KAWASAKI, OH-6 ; HUGHES, OH-6 Cayuse"
241,H47,secondary,Helicopter,2T/L,Medium,G,I,,"BOEING VERTOL, 114 ; BOEING VERTOL, 234 ; BOEING VERTOL, 414 ; 06/12/2025 JO 7360.1K, CH-47 Chinook ; ICAO, CH-47 Chinook ; WTC, CH-47 Chinook ; BOEING, CH-47 Chinook ; BOEING VERTOL, CH-47 Chinook ; KAWASAKI, CH-47 Chinook ; MERIDIONALI, CH-47 Chinook ; BOEING, HH-47 ; FINMECCANICA, ICH-47 Chinook ; LEONARDO, ICH-47 Chinook ; BOEING, JCH-47 Chinook ; BOEING VERTOL, JCH-47 Chinook ; BOEING, MH-47 Chinook ; BOEING VERTOL, MH-47 Chinook"
242,H53,secondary,Helicopter,2T/L,Medium,G,I,,"SIKORSKY, CH-53A Sea Stallion ; SIKORSKY, CH-53A Yasur ; SIKORSKY, CH-53C ; SIKORSKY, CH-53D Sea Stallion ; SIKORSKY, CH-53G ; VFW, CH-53G ; SIKORSKY, HH-53 ; SIKORSKY, MH-53H ; SIKORSKY, MH-53J ; SIKORSKY, RH-53 Sea Stallion ; SIKORSKY, S-65 ; SIKORSKY, S-65 Yasur ; SIKORSKY, TH-53 ; SIKORSKY, VH-53 Sea Stallion"
243,H64,secondary,Helicopter,2T/S+,Medium,H,I,,"HUGHES, 77 Apache ; HUGHES, AH-64 Apache ; MCDONNELL DOUGLAS, AH-64 Apache ; BOEING, AH-64 Apache ; FUJI, AH-64 Longbow Apache ; MCDONNELL DOUGLAS, AH-64 Longbow Apache ; MCDONNELL DOUGLAS, AH-64 Pethen ; BOEING, AH-64 Saraf ; HUGHES, JAH-64 Apache ; MCDONNELL DOUGLAS, JAH-64 Apache ; WESTLAND, WAH-64 Apache"
244,C130,secondary,Fixed-wing,4T/L,Medium,F,III,,"LOCKHEED, 182 Hercules ; LOCKHEED, 282 Hercules ; LOCKHEED, 382 Hercules ; LOCKHEED MARTIN, 382C Hercules ; LOCKHEED, C-130 Karnaf ; LOCKHEED, C-130A Hercules ; LOCKHEED, C-130B Hercules ; LOCKHEED, C-130E Hercules ; LOCKHEED, C-130F Hercules ; LOCKHEED, C-130H Hercules ; LOCKHEED MARTIN, C-130H Hercules ; LOCKHEED, C-130K Hercules ; LOCKHEED, CC-130 Hercules ; LOCKHEED, DC-130 Hercules ; LOCKHEED, EC-130 Aya ; LOCKHEED, EC-130 Sapeer ; LOCKHEED, EC-130E Hercules ; LOCKHEED, EC-130G Hercules ; LOCKHEED, EC-130H Hercules ; LOCKHEED, EC-130Q Hercules ; LOCKHEED, HC-130 Hercules ; LOCKHEED, JC-130 Hercules ; LOCKHEED, KC-130 Karnaf ; LOCKHEED, KC-130B Hercules ; LOCKHEED, KC-130F Hercules ; LOCKHEED, KC-130H Hercules ; LOCKHEED, KC-130R Hercules ; LOCKHEED, KC-130T Hercules ; LOCKHEED, L-100 Hercules ; LOCKHEED, LC-130 Hercules ; LOCKHEED MARTIN, LC-130 Hercules ; LOCKHEED, MC-130 Hercules ; LOCKHEED, NC-130 Hercules ; LOCKHEED, RC-130 Hercules ; LOCKHEED, TC-130 Hercules ; LOCKHEED, Tp84 Hercules ; LOCKHEED, VC-130 Hercules ; LOCKHEED, WC-130E Hercules ; LOCKHEED, WC-130H Hercules"
245,C30J,secondary,Fixed-wing,4T/L,Medium,F,III,,"LOCKHEED MARTIN, 382J Super Hercules ; LOCKHEED MARTIN, 382U Super Hercules ; LOCKHEED MARTIN, 382V Super Hercules ; LOCKHEED MARTIN, AC-130J Ghostrider ; LOCKHEED MARTIN, C-130J Super Hercules ; LOCKHEED MARTIN, CC-130J Super Hercules ; LOCKHEED MARTIN, EC-130J Super Hercules ; LOCKHEED MARTIN, HC-130J Super Hercules ; LOCKHEED MARTIN, KC-130J Super Hercules ; LOCKHEED MARTIN, LM-100J Super Hercules ; LOCKHEED MARTIN, MC-130J Hercules ; LOCKHEED MARTIN, WC-130J Super Hercules"
246,C17,secondary,Fixed-wing,4J/H,Heavy,C,III,,"BOEING, C-17 Globemaster 3 ; MCDONNELL DOUGLAS, C-17 Globemaster 3 ; BOEING, CC-177 Globemaster 3"
247,T6,secondary,Fixed-wing,1P/S,Light,I,I,2,"NOORDUYN, AT-16 Harvard ; NORTH AMERICAN, AT-6 Texan ; NORTH AMERICAN, BC-1 ; NORTH AMERICAN, SNJ Texan ; CCF, T-6 Harvard ; NORTH AMERICAN, T-6 Harvard ; NORTH AMERICAN, T-6 Texan"
248,DC3,secondary,Fixed-wing,2P/S+,Medium,H,III,,"DOUGLAS, AC-47 Skytrain ; DOUGLAS, C-117A Skytrooper ; DOUGLAS, C-117B Skytrooper ; DOUGLAS, C-117C Skytrooper ; DOUGLAS, C-41 ; DOUGLAS, C-47 Dakota ; DOUGLAS, C-47 Skytrain ; DOUGLAS, C-53 Skytrooper ; DOUGLAS, DC-3 ; DOUGLAS, DST ; 06/12/2025 JO 7360.1K, DST ; ICAO, DST ; WTC, DST ; DOUGLAS, EC-47 Skytrain ; DOUGLAS, HC-47 Skytrain ; DOUGLAS, LC-47 Skytrain ; LISUNOV, Li-2 ; DOUGLAS, R4D-1 Skytrain ; DOUGLAS, R4D-3 Skytrooper ; DOUGLAS, R4D-5 Skytrain ; DOUGLAS, R4D-6 Skytrain ; DOUGLAS, R4D-7 Skytrain ; DOUGLAS, RC-47 Skytrain ; DOUGLAS, TC-47 Skytrain ; DOUGLAS, VC-47 Skytrain"
249,P51,secondary,Fixed-wing,1P/S,Light,I,I,,"NORTH AMERICAN, A-36 Mustang ; COMMONWEALTH (1), CA-18 Mustang ; NORTH AMERICAN, F-51 Mustang ; GUIZHOU, F-51 Mustang ; NORTH AMERICAN, P-51 Mustang"
